Name,Description,LolRMMLink,PathRegex,DomainRegex
Echoware,Echoware is a remote monitoring and management (RMM) tool. More information will be added as it becomes available.,https://lolrmm.io/tools/echoware,^echoserver.*\.exe$|echoware\.dll,
Jump Desktop,Jump Desktop is a remote monitoring and management (RMM) tool. More information will be added as it becomes available.,https://lolrmm.io/tools/jump_desktop,^jumpclient\.exe$|^jumpconnect\.exe$|^jumpdesktop\.exe$|^jumpservice\.exe$|^jumpupdater\.exe$,.*\.jumpdesktop\.com$|.*\.jumpto\.me$|jumpdesktop\.com$|jumpto\.me$
Laplink Everywhere,Laplink Everywhere is a remote monitoring and management (RMM) tool. More information will be added as it becomes available.,https://lolrmm.io/tools/laplink_everywhere,^OOSysAgent\.exe$|^laplink-everywhere-setup.*\.exe$|^laplink\.exe$|^laplinkeverywhere\.exe$|^llrcservice\.exe$|^serverproxyservice\.exe$,atled\.syspectr\.com$|everywhere\.laplink\.com$|le\.laplink\.com$
Chrome SSH Extension,Chrome SSH Extension is a remote monitoring and management (RMM) tool. More information will be added as it becomes available.,https://lolrmm.io/tools/chrome_ssh_extension,.*Users\\.*\\AppData\\Local\\Google\\Chrome\\User Data\\Default\\Extensions\\iodihamcpbpeioajjeobimgagajmlibd.*|C:\\Users\\.*\\AppData\\Local\\Google\\Chrome\\User Data\\Default\\Extensions\\iodihamcpbpeioajjeobimgagajmlibd.*,
Visual Studio Dev Tunnel,Visual Studio Dev Tunnel is a remote monitoring and management (RMM) tool. More information will be added as it becomes available.,https://lolrmm.io/tools/visual_studio_dev_tunnel,,.*\.devtunnels\.ms$|.*\.rel\.tunnels\.api\.visualstudio\.com$|global\.rel\.tunnels\.api\.visualstudio\.com$
MEGAsync,MEGAsync is a remote monitoring and management (RMM) tool. More information will be added as it becomes available.,https://lolrmm.io/tools/megasync,.*ProgramData\\MEGAsync\\.*|.*Users\\.*\\AppData\\Local\\MEGAsync\\.*|.*\\MEGAsyncSetup64\.exe$|.*\\MEGAupdater\.exe$|C:\\Users\\.*\\AppData\\Local\\MEGAsync\\.*,
Neturo,Neturo is a remote monitoring and management (RMM) tool. More information will be added as it becomes available.,https://lolrmm.io/tools/neturo,^neturo.*\.exe$|^neturo\.exe$|^ntrntservice\.exe$,neturo\.uplus\.co\.kr$
NoteOn-desktop sharing,NoteOn-desktop sharing is a remote monitoring and management (RMM) tool. More information will be added as it becomes available.,https://lolrmm.io/tools/noteon-desktop_sharing,^nateon.*\.exe$|^nateon\.exe$|^nateonmain\.exe$,
Any Support,Any Support is a remote monitoring and management (RMM) tool. More information will be added as it becomes available.,https://lolrmm.io/tools/any_support,^ManualLauncher\.exe$,.*\.anysupport\.net$
ITSupport247 (ConnectWise),ITSupport247 (ConnectWise) is a remote monitoring and management (RMM) tool. More information will be added as it becomes available.,https://lolrmm.io/tools/itsupport247__connectwise_,^saazapsc\.exe$,.*\.itsupport247\.net$
Senso.cloud,Senso.cloud is a remote monitoring and management (RMM) tool. More information will be added as it becomes available.,https://lolrmm.io/tools/senso.cloud,^SensoClient\.exe$|^SensoService\.exe$|^aadg\.exe$,.*\.senso\.cloud$|senso\.cloud$
LabTech RMM (Now ConnectWise Automate),LabTech RMM (Now ConnectWise Automate) is a remote monitoring and management (RMM) tool. More information will be added as it becomes available.,https://lolrmm.io/tools/labtech_rmm__now_connectwise_automate_,^ltsvc\.exe$|^ltsvcmon\.exe$|^lttray\.exe$,connectwise\.com$
BeyondTrust,BeyondTrust is a remote monitoring and management (RMM) tool. More information will be added as it becomes available.,https://lolrmm.io/tools/beyondtrust,,
Synergy,Synergy is a remote monitoring and management (RMM) tool. More information will be added as it becomes available.,https://lolrmm.io/tools/synergy,,
ExtraPuTTY,ExtraPuTTY is a remote monitoring and management (RMM) tool. More information will be added as it becomes available.,https://lolrmm.io/tools/extraputty,.*Users\\.*\\ExtraPuTTY-0\.30-2016-01-28-installer\.exe$|.*\\ExtraPuTTY-0\.30-2016-01-28-installer\.exe$|C:\\Users\\.*\\ExtraPuTTY-0\.30-2016-01-28-installer\.exe$,
ConnectWise,ConnectWise is a remote monitoring and management (RMM) tool. More information will be added as it becomes available.,https://lolrmm.io/tools/connectwise,.*\\ScreenConnect.*Client.*\\.*|C:\\Program Files \(x86\)\\ScreenConnect Client \(.*\)\\.*,
Guacamole,Guacamole is a remote monitoring and management (RMM) tool. More information will be added as it becomes available.,https://lolrmm.io/tools/guacamole,^guacd\.exe$,guacamole\.apache\.org$
Adobe Connect,Adobe Connect is a remote monitoring and management (RMM) tool. More information will be added as it becomes available.,https://lolrmm.io/tools/adobe_connect,^ConnectAppSetup.*\.exe$|^ConnectDetector\.exe$|^ConnectShellSetup.*\.exe$|^Connect\.exe$,.*\.adobeconnect\.com$
rdp2tcp,rdp2tcp is a remote monitoring and management (RMM) tool. More information will be added as it becomes available.,https://lolrmm.io/tools/rdp2tcp,^tdp2tcp\.exe$|rdp2tcp\.py,github\.com/V-E-O/rdp2tcp$
Rocket Remote Desktop,Rocket Remote Desktop is a remote monitoring and management (RMM) tool. More information will be added as it becomes available.,https://lolrmm.io/tools/rocket_remote_desktop,^RDConsole\.exe$|^RocketRemoteDesktop_Setup\.exe$,
Pulseway,Pulseway is a remote monitoring and management (RMM) tool. More information will be added as it becomes available.,https://lolrmm.io/tools/pulseway,^PCMonitorManager\.exe$|^pcmonitorsrv\.exe$,pulseway\.com$
KickIdler,KickIdler is a remote monitoring and management (RMM) tool. More information will be added as it becomes available.,https://lolrmm.io/tools/kickidler,grabberEM\..*msi|grabberTT.*\.msi,kickidler\.com$|my\.kickidler\.com$
ScreenConnect,ScreenConnect is a remote monitoring and management (RMM) tool. More information will be added as it becomes available.,https://lolrmm.io/tools/screenconnect,.*\\.*\\ScreenConnect\.ClientService\.exe$|.*\\.*\\ScreenConnect\.WindowsClient\.exe$|.*\\ScreenConnect Client.*\\.*|C:\\Program Files \(x86\)\\ScreenConnect Client \(.*\)\\.*|C:\\Program Files \(x86\)\\ScreenConnect Client \(.*\)\\ScreenConnect\.ClientService\.exe$|^ConnectWiseControl.*\.exe$|^Remote Workforce Client\.exe$|^connectwise.*\.exe$|^screenconnect.*\.exe$|^screenconnect\.clientservice\.exe$|^screenconnect\.windowsclient\.exe$,.*\.connectwise\.com$|.*\.screenconnect\.com$|control\.connectwise\.com$
FreeNX,FreeNX is a remote monitoring and management (RMM) tool. More information will be added as it becomes available.,https://lolrmm.io/tools/freenx,.*\\nxplayer\.exe$|C:\\.*\\nxplayer\.exe$,
LogMeIn rescue,LogMeIn rescue is a remote monitoring and management (RMM) tool. More information will be added as it becomes available.,https://lolrmm.io/tools/logmein_rescue,C:\\Users\\.*\\AppData\\Local\\LogMeIn Rescue Applet\\LMIR.*\.tmp\\lmi_rescue\.exe$|C:\\Users\\.*\\AppData\\Local\\LogMeIn Rescue Applet\\LMIR.*\.tmp\\lmi_rescue_srv\.exe$|^lmi_rescue\.exe$|^support-logmeinrescue.*\.exe$|^support-logmeinrescue\.exe$,.*\.logmeinrescue\.com$|.*\.logmeinrescue\.eu$|logmeinrescue\.com$|rescue-data-cetner\.logmein-gateway\.com$|rescue-list\..*\.logmein-gateway\.com$
QQ IM-remote assistance,QQ IM-remote assistance is a remote monitoring and management (RMM) tool. More information will be added as it becomes available.,https://lolrmm.io/tools/qq_im-remote_assistance,^QQProtect\.exe$|^qq\.exe$|^qqpcmgr\.exe$,.*\.desktop\.qq\.com$|.*\.mdt\.qq\.com$|qq-messenger\.en\.softonic\.com$|upload_data\.qq\.com$
DeskNets,DeskNets is a remote monitoring and management (RMM) tool. More information will be added as it becomes available.,https://lolrmm.io/tools/desknets,,
Basecamp,Basecamp is a remote monitoring and management (RMM) tool. More information will be added as it becomes available.,https://lolrmm.io/tools/basecamp,,basecamp\.com$
GoTo Opener,GoTo Opener is a remote monitoring and management (RMM) tool. More information will be added as it becomes available.,https://lolrmm.io/tools/goto_opener,.*\\GoTo Opener|C:\\Program Files \(x86\)\\GoTo Opener,
X2Go,X2Go is a remote monitoring and management (RMM) tool. More information will be added as it becomes available.,https://lolrmm.io/tools/x2go,,
ISL Online,ISL Online is a remote monitoring and management (RMM) tool. More information will be added as it becomes available.,https://lolrmm.io/tools/isl_online,.*\\ISL Online\\ISL Light.*|.*\\ISLLight\.exe$|C:\\Program Files \(x86\)\\ISL Online\\ISL Light.*|^ISLLightClient\.exe$|^islalwaysonmonitor\.exe$|^isllight\.exe$|^isllightservice\.exe$,.*\.islonline\.com$|.*\.islonline\.net$
Yandex.Disk,Yandex.Disk is a remote monitoring and management (RMM) tool. More information will be added as it becomes available.,https://lolrmm.io/tools/yandex.disk,.*\\YandexDisk2\.exe$|.*\\Yandex\\.*|C:\\Program Files \(x86\)\\Yandex\\.*,
FixMe.it,FixMe.it is a remote monitoring and management (RMM) tool. More information will be added as it becomes available.,https://lolrmm.io/tools/fixme.it,9380CC75B872221A7425D7503565B67580407F60|^FixMeit Client\.exe$|^FixMeit Expert Setup\.exe$|^FixMeit Unattended Access Setup\.exe$|^FixMeitClient.*\.exe$|^TiClientCore\.exe$|^TiClientHelper.*\.exe$|^TiExpertCore\.exe$|^TiExpertStandalone\.exe$|^fixmeitclient\.exe$,.*\.fixme\.it$|.*\.techinline\.net$|.*set\.me$|.*setme\.net$|fixme\.it$
DW Service,DW Service is a remote monitoring and management (RMM) tool. More information will be added as it becomes available.,https://lolrmm.io/tools/dw_service,^dwagent\.exe$|^dwagsvc\.exe$,.*\.dwservice\.net$
EMCO Remote Console,EMCO Remote Console is a remote monitoring and management (RMM) tool. More information will be added as it becomes available.,https://lolrmm.io/tools/emco_remote_console,^remoteconsole\.exe$,emcosoftware\.com$
Remote Utilities,Remote Utilities is a remote monitoring and management (RMM) tool. More information will be added as it becomes available.,https://lolrmm.io/tools/remote_utilities,^rutserv\.exe$|^rutview\.exe$,.*\.internetid\.ru$
MyGreenPC,MyGreenPC is a remote monitoring and management (RMM) tool. More information will be added as it becomes available.,https://lolrmm.io/tools/mygreenpc,^mygreenpc\.exe$,.*mygreenpc\.com$
Impero Connect,Impero Connect is a remote monitoring and management (RMM) tool. More information will be added as it becomes available.,https://lolrmm.io/tools/impero_connect,^ImperoClientSVC\.exe$,imperosoftware\.com$
Total Software Deployment,Total Software Deployment is a remote monitoring and management (RMM) tool. More information will be added as it becomes available.,https://lolrmm.io/tools/total_software_deployment,.*\\Total Software Deployment\\.*|.*\\Tsdservice\.exe$|.*\\tniwinagent\.exe$|C:\\ProgramData\\Total Software Deployment\\.*,
SpyAnywhere,SpyAnywhere is a remote monitoring and management (RMM) tool. More information will be added as it becomes available.,https://lolrmm.io/tools/spyanywhere,^sysdiag\.exe$,.*\.spytech-web\.com$|spyanywhere\.com$
SimpleHelp,SimpleHelp is a remote monitoring and management (RMM) tool. More information will be added as it becomes available.,https://lolrmm.io/tools/simplehelp,^remote access\.exe$|^simplegatewayservice\.exe$|^simplehelpcustomer\.exe$|^simpleservice\.exe$|^spsrv\.exe$|^windowslauncher\.exe$|serviceconfig\.xml,^51\.255\.19\.178$|^51\.255\.19\.179$|simple-help\.com$
Microsoft RDP,Microsoft RDP is a remote monitoring and management (RMM) tool. More information will be added as it becomes available.,https://lolrmm.io/tools/microsoft_rdp,Microsoft Remote Desktop|^mstsc\.exe$|^termsrv\.exe$,
SmartCode Web VNC,SmartCode Web VNC is a remote monitoring and management (RMM) tool. More information will be added as it becomes available.,https://lolrmm.io/tools/smartcode_web_vnc,.*\\TightVNC\\.*|C:\\Program Files\\TightVNC\\.*,
Bitvise SSH Server,Bitvise SSH Server is a remote monitoring and management (RMM) tool. More information will be added as it becomes available.,https://lolrmm.io/tools/bitvise_ssh_server,.*\\Bitvise SSH Server\\.*|.*\\BvSshServer-Inst\.exe$|C:\\Program Files\\Bitvise SSH Server\\.*,
Syncthing,Syncthing is a remote monitoring and management (RMM) tool. More information will be added as it becomes available.,https://lolrmm.io/tools/syncthing,.*Users\\.*\\AppData\\Roaming\\SyncTrayzor\\.*|.*\\Syncthing\.exe$|C:\\Users\\.*\\AppData\\Roaming\\SyncTrayzor\\.*,
RAdmin,"RAdmin is a remote monitoring and management (RMM) tool. More information will be added as it becomes available.
",https://lolrmm.io/tools/radmin,C:\\Program Files \(x86\)\\Radmin Viewer 3\\Radmin\.exe$|C:\\Windows\\SysWOW64\\rserver30\\FamItrf2|C:\\Windows\\SysWOW64\\rserver30\\FamItrfc|C:\\Windows\\SysWOW64\\rserver30\\rserver3\.exe$,radmin\.com$
Terminals,Terminals is a remote monitoring and management (RMM) tool. More information will be added as it becomes available.,https://lolrmm.io/tools/terminals,,
Addigy,Addigy is a remote monitoring and management (RMM) tool. More information will be added as it becomes available.,https://lolrmm.io/tools/addigy,addigy-.*\.pkg,agents\.addigy\.com$|grtmprod\.addigy\.com$|prod\.addigy\.com$
SunLogin,SunLogin is a remote monitoring and management (RMM) tool. More information will be added as it becomes available.,https://lolrmm.io/tools/sunlogin,^OrayRemoteService\.exe$|^OrayRemoteShell\.exe$|^sunlogin.*\.exe$,client\.oray\.net$|sunlogin\.oray\.com$
WebRDP,WebRDP is a remote monitoring and management (RMM) tool. More information will be added as it becomes available.,https://lolrmm.io/tools/webrdp,^webrdp\.exe$,github\.com/Mikej81/WebRDP$
Mouse Without Borders,"Mouse Without Borders is a Microsoft Garage utility that lets you control up to four Windows computers with a single keyboard and mouse, with clipboard sharing and simple drag-and-drop file transfers.",https://lolrmm.io/tools/mouse_without_borders,C:\\Program Files \(x86\)\\Microsoft Garage\\Mouse without Borders\\.*,
Remobo,Remobo is a remote monitoring and management (RMM) tool. More information will be added as it becomes available.,https://lolrmm.io/tools/remobo,^remobo\.exe$|^remobo_client\.exe$|^remobo_tracker\.exe$,remobo\.en\.softonic\.com$
PSEXEC (Clone),PSEXEC (Clone) is a remote monitoring and management (RMM) tool. More information will be added as it becomes available.,https://lolrmm.io/tools/psexec__clone_,^PAExec-.*\.exe$|^csexec\.exe |^paexec\.exe$|^remcom\.exe$|^remcomsvc\.exe$|^xcmd\.exe$|^xcmdsvc\.exe$,
Mocha VNC Lite,Mocha VNC Lite is a remote monitoring and management (RMM) tool. More information will be added as it becomes available.,https://lolrmm.io/tools/mocha_vnc_lite,.*\\RealVNC\\VNC4\\.*|This installs a modified VNC and cannot be blocked by path separate from VNC,
IntelliAdmin Remote Control,IntelliAdmin Remote Control is a remote monitoring and management (RMM) tool. More information will be added as it becomes available.,https://lolrmm.io/tools/intelliadmin_remote_control,^agent32\.exe$|^agent64\.exe$|^agent_setup_5\.exe$|^iadmin\.exe$|^intelliadmin\.exe$,.*\.intelliadmin\.com$|intelliadmin\.com/remote-control$
Royal Apps,Royal Apps is a remote monitoring and management (RMM) tool. More information will be added as it becomes available.,https://lolrmm.io/tools/royal_apps,^royalserver\.exe$|^royalts\.exe$,
N-ABLE Remote Access Software,N-ABLE Remote Access Software is a remote monitoring and management (RMM) tool. More information will be added as it becomes available.,https://lolrmm.io/tools/n-able_remote_access_software,,n-able\.com$
Fortra,Fortra is a remote monitoring and management (RMM) tool. More information will be added as it becomes available.,https://lolrmm.io/tools/fortra,,fortra\.com$
PuTTY,PuTTY is a remote monitoring and management (RMM) tool. More information will be added as it becomes available.,https://lolrmm.io/tools/putty,.*\\putty\.exe$,
SysAid,SysAid is a remote monitoring and management (RMM) tool. More information will be added as it becomes available.,https://lolrmm.io/tools/sysaid,.*\\IliAS\.exe$|.*\\SysAidServer\\.*|.*\\SysAid\\.*|C:\\Program Files\\SysAidServer\\.*,
RustDesk,RustDesk is a remote monitoring and management (RMM) tool. More information will be added as it becomes available.,https://lolrmm.io/tools/rustdesk,C:\\Program Files\\RustDesk|C:\\Users\\.*\\AppData\\Local\\rustdesk\\.*|C:\\Users\\.*\\AppData\\Local\\rustdesk\\rustdesk\.exe$|^rustdesk.*\.exe$|^rustdesk\.exe$,api\.rustdesk\.com$|rs-ny\.rustdesk\.com$|rustdesk\.com$|web\.rustdesk\.com$
DeskShare,DeskShare is a remote monitoring and management (RMM) tool. More information will be added as it becomes available.,https://lolrmm.io/tools/deskshare,^DSGuest\.exe$|^TeamTaskManager\.exe$,
SuperOps,SuperOps is a remote monitoring and management (RMM) tool. More information will be added as it becomes available.,https://lolrmm.io/tools/superops,^superops\.exe$|^superopsticket\.exe$,.*\.superops\.ai$|.*\.superopsalpha\.com$|.*\.superopsbeta\.com$|serv\.superopsalpha\.com$|superops\.ai$
Sophos-Remote Management System,Sophos-Remote Management System is a remote monitoring and management (RMM) tool. More information will be added as it becomes available.,https://lolrmm.io/tools/sophos-remote_management_system,^clientmrinit\.exe$|^mgntsvc\.exe$|^routernt\.exe$,.*\.sophos\.com$|.*\.sophosupd\.com$|.*\.sophosupd\.net$|community\.sophos\.com/on-premise-endpoint/f/sophos-endpoint-software/5725/sophos-remote-management-system$
AeroAdmin,AeroAdmin is a remote monitoring and management (RMM) tool. More information will be added as it becomes available.,https://lolrmm.io/tools/aeroadmin,^AeroAdmin\.exe$|^aeroadmin\.exe$,aeroadmin\.com$|auth.*\.aeroadmin\.com$
Netop Remote Control (Impero Connect),Netop Remote Control (Impero Connect) is a remote monitoring and management (RMM) tool. More information will be added as it becomes available.,https://lolrmm.io/tools/netop_remote_control__impero_connect_,^Connect\.Backdrop\.cloud.*\.exe$|^ImperoClientSVC\.exe$|^ImperoInit\.exe$|^Netop Ondemand\.exe$|^ngstw32\.exe$|^nhostsvc\.exe$|^nhstw32\.exe$|^nldrw32\.exe$|^rmserverconsolemediator\.exe$,.*\.connect\.backdrop\.cloud$|.*\.netop\.com$
RemoteUtilities,RemoteUtilities is a remote monitoring and management (RMM) tool. More information will be added as it becomes available.,https://lolrmm.io/tools/remoteutilities,.*\\Remote Manipulator System - Server\\.*|.*\\Remote Utilities\\.*|.*\\rutserv\.exe$|C:\\Program Files\\Remote Utilities\\.*|^rutserv\.exe$|^rutview\.exe$,remoteutilities\.com$
Naverisk,Naverisk is a remote monitoring and management (RMM) tool. More information will be added as it becomes available.,https://lolrmm.io/tools/naverisk,^AgentSetup-.*\.exe$,naverisk\.com$
Iperius Remote,Iperius Remote is a remote monitoring and management (RMM) tool. More information will be added as it becomes available.,https://lolrmm.io/tools/iperius_remote,^iperius\.exe$|^iperiusremote\.exe$,.*\.iperius-rs\.com$|.*\.iperius\.com$|.*\.iperiusremote\.com$|iperiusremote\.com$
Chicken (of the VNC),Chicken (of the VNC) is a remote monitoring and management (RMM) tool. More information will be added as it becomes available.,https://lolrmm.io/tools/chicken__of_the_vnc_,,
RemotePass,RemotePass is a remote monitoring and management (RMM) tool. More information will be added as it becomes available.,https://lolrmm.io/tools/remotepass,^remotepass-access\.exe$|^rpaccess\.exe$|^rpwhostscr\.exe$,remotepass\.com$
GotoHTTP,GotoHTTP is a remote monitoring and management (RMM) tool. More information will be added as it becomes available.,https://lolrmm.io/tools/gotohttp,^GotoHTTP.*\.exe$|^GotoHTTP_x64\.exe$|^gotohttp\.exe$,.*\.gotohttp\.com$|gotohttp\.com$
SmarTTY,SmarTTY is a remote monitoring and management (RMM) tool. More information will be added as it becomes available.,https://lolrmm.io/tools/smartty,.*\\SmarTTY\.exe$|.*\\Sysprogs\\SmarTTY\\.*|c:\\Program Files \(x86\)\\Sysprogs\\SmarTTY\\.*,
Lite Manager,Lite Manager is a remote monitoring and management (RMM) tool. More information will be added as it becomes available.,https://lolrmm.io/tools/lite_manager,.*\\LMNoIpServer\.exe$|.*\\LiteManager Pro – Viewer\\.*|C:\\Program Files\\LiteManager Pro – Viewer\\.*,
ScreenMeet,ScreenMeet is a remote monitoring and management (RMM) tool. More information will be added as it becomes available.,https://lolrmm.io/tools/screenmeet,^ScreenMeetSupport\.exe$|^ScreenMeet\.Support\.exe$,.*\.screenmeet\.com$|.*\.scrn\.mt$
Centurion,Centurion is a remote monitoring and management (RMM) tool. More information will be added as it becomes available.,https://lolrmm.io/tools/centurion,^ctiserv\.exe$,centuriontech\.com$
BeInSync,BeInSync is a remote monitoring and management (RMM) tool. More information will be added as it becomes available.,https://lolrmm.io/tools/beinsync,^Beinsync.*\.exe$,.*\.beinsync\.com$|.*\.beinsync\.net$
Site24x7,Site24x7 is a remote monitoring and management (RMM) tool. More information will be added as it becomes available.,https://lolrmm.io/tools/site24x7,^MEAgentHelper\.exe$|^MonitoringAgent\.exe$|^Site24x7PluginAgent\.exe$|^Site24x7WindowsAgentTrayIcon\.exe$,plus.*\.site24x7\.cn$|plus.*\.site24x7\.com$|plus.*\.site24x7\.eu$|plus.*\.site24x7\.in$|plus.*\.site24x7\.net\.au$|site24x7\.com/msp$
GoToAssist,GoToAssist is a remote monitoring and management (RMM) tool. More information will be added as it becomes available.,https://lolrmm.io/tools/gotoassist,^GoTo Assist Opener\.exe$|^g2a.*\.exe$|^g2ax_comm_customer\.exe$|^g2mcomm\.exe$|^goto opener\.exe$|^gotoassist\.exe$|g2mupdate\.com,.*\.cdn\.getgo\.com$|.*\.desktopstreaming\.com$|.*\.fastsupport\.com$|.*\.getgo\.com$|.*\.gotoassist\.at$|.*\.gotoassist\.com$|.*\.gotoassist\.me$|goto\.com$|helpme\.net$
Netop Remote Control (aka Impero Connect),Netop Remote Control (aka Impero Connect) is a remote monitoring and management (RMM) tool. More information will be added as it becomes available.,https://lolrmm.io/tools/netop_remote_control__aka_impero_connect_,^nhostsvc\.exe$|^nhstw32\.exe$|^nldrw32\.exe$|^rmserverconsolemediator\.exe$,imperosoftware\.com/impero-connect/$
Rapid7,Rapid7 is a remote monitoring and management (RMM) tool. More information will be added as it becomes available.,https://lolrmm.io/tools/rapid7,^ir_agent\.exe$|^rapid7_agent_core\.exe$|^rapid7_endpoint_broker\.exe$,.*\.analytics\.insight\.rapid7\.com$|.*\.endpoint\.ingress\.rapid7\.com$
DesktopNow,DesktopNow is a remote monitoring and management (RMM) tool. More information will be added as it becomes available.,https://lolrmm.io/tools/desktopnow,^desktopnow\.exe$,.*\.nchuser\.com$
eHorus,eHorus is a remote monitoring and management (RMM) tool. More information will be added as it becomes available.,https://lolrmm.io/tools/ehorus,^ehorus standalone\.exe$,ehorus\.com$
Xpra,Xpra is a remote monitoring and management (RMM) tool. More information will be added as it becomes available.,https://lolrmm.io/tools/xpra,.*\\Xpra-Launcher\.exe$|.*\\Xpra-x86_64_Setup\.exe$|.*\\Xpra\\.*|C:\\Program Files \(x86\)\\Xpra\\.*,
Quick Assist,Quick Assist is a remote monitoring and management (RMM) tool. More information will be added as it becomes available.,https://lolrmm.io/tools/quick_assist,^quickassist\.exe$,.*\.support\.services\.microsoft\.com$
Syspectr,Syspectr is a remote monitoring and management (RMM) tool. More information will be added as it becomes available.,https://lolrmm.io/tools/syspectr,^OOSysAgent\.exe$|^oo-syspectr.*\.exe$,app\.syspectr\.com$|atled\.syspectr\.com$
Level.io,Level.io is a remote monitoring and management (RMM) tool. More information will be added as it becomes available.,https://lolrmm.io/tools/level.io,^level-remote-control-ffmpeg\.exe$|^level-windows-amd64\.exe$|^level\.exe$,.*\.level\.io$|level\.io$
PSEXEC,PSEXEC is a remote monitoring and management (RMM) tool. More information will be added as it becomes available.,https://lolrmm.io/tools/psexec,^psexec\.exe$|^psexecsvc\.exe$,
Splashtop (Beta),Splashtop (Beta) is a remote monitoring and management (RMM) tool. More information will be added as it becomes available.,https://lolrmm.io/tools/splashtop__beta_,^SRManager\.exe$|^SRServer\.exe$|^SplashtopSOS\.exe$|^Splashtop_Streamer_Windows.*\.exe$,splashtop\.com$
ISL Light,ISL Light is a remote monitoring and management (RMM) tool. More information will be added as it becomes available.,https://lolrmm.io/tools/isl_light,^islalwaysonmonitor\.exe$|^isllight\.exe$|^isllightservice\.exe$,islonline\.com$
ServerEye,ServerEye is a remote monitoring and management (RMM) tool. More information will be added as it becomes available.,https://lolrmm.io/tools/servereye,^ServiceProxyLocalSys\.exe$|^servereye.*\.exe$,.*\.server-eye\.de$
BeamYourScreen,BeamYourScreen is a remote monitoring and management (RMM) tool. More information will be added as it becomes available.,https://lolrmm.io/tools/beamyourscreen,^beamyourscreen-host\.exe$|^beamyourscreen\.exe$,.*\.beamyourscreen\.com$|beamyourscreen\.com$
AnyViewer,"AnyViewer is a remote monitoring and management (RMM) tool. More information will be added as it becomes available.
",https://lolrmm.io/tools/anyviewer,C:\\Program Files \(x86\)\\AnyViewer\\.*,.*\.anyviewer\.com$|.*\.aomeisoftware\.com$
Chrome Remote Desktop,Chrome Remote Desktop is a remote monitoring and management (RMM) tool. More information will be added as it becomes available.,https://lolrmm.io/tools/chrome_remote_desktop,.*\\Google\\Chrome Remote Desktop\\.*|.*\\remoting_host\.exe$|C:\\Program Files \(x86\)\\Google\\Chrome Remote Desktop\\.*|^remote_host\.exe$|^remoting_host\.exe$,.*remotedesktop-pa\.googleapis\.com$|.*remotedesktop\.google\.com$|chromoting-client\.talkgadget\.google\.com$|chromoting-host\.talkgadget\.google\.com$|chromoting-oauth\.talkgadget\.google\.com$|remotedesktop\.google\.com$
DameWare,DameWare is a remote monitoring and management (RMM) tool. More information will be added as it becomes available.,https://lolrmm.io/tools/dameware,.*\\dwrcs\\.*|.*\\dwrcst\.exe$|C:\\Program Files\\SolarWinds\\Dameware Mini Remote Control\\.*|C:\\Windows\\dwrcs\\.*|^DameWare Mini Remote Control.*\.exe$|^DameWare Remote Support\.exe$|^SolarWinds-Dameware-DRS.*\.exe$|^SolarWinds-Dameware-MRC.*\.exe$|^dntus.*\.exe$|^dwrcs\.exe$,dameware\.com$
Level,Level is a remote monitoring and management (RMM) tool. Threat actors ...,https://lolrmm.io/tools/level,C:\\Program Files\\Level\\.*,agents\.level\.io$|builds\.level\.io$|downloads\.io$|level\.io$|online\.level\.io$
Alpemix,"Alpemix is a remote monitoring and management (RMM) tool. More information will be added as it becomes available.
",https://lolrmm.io/tools/alpemix,C:\\AlpemixService\.exe$|C:\\AlpemixSrvc\\,.*\.alpemix\.com$|.*\.teknopars\.com$
ITSupport247 (ConnectWise),ITSupport247 (ConnectWise) is a remote monitoring and management (RMM) tool. More information will be added as it becomes available.,https://lolrmm.io/tools/itsupport247__connectwise_,^saazapsc\.exe$,.*\.itsupport247\.net$|itsupport247\.net$
MioNet (Also known as WD Anywhere Access),MioNet (Also known as WD Anywhere Access) is a remote monitoring and management (RMM) tool. More information will be added as it becomes available.,https://lolrmm.io/tools/mionet__also_known_as_wd_anywhere_access_,^mionet\.exe$|^mionetmanager\.exe$,
Dev Tunnels (aka Visual Studio Dev Tunnel),Dev Tunnels (aka Visual Studio Dev Tunnel) is a remote monitoring and management (RMM) tool. More information will be added as it becomes available.,https://lolrmm.io/tools/dev_tunnels__aka_visual_studio_dev_tunnel_,,learn\.microsoft\.com/en-us/azure/developer/dev-tunnels/overview$
GoToAssist Agent Desktop Console,GoToAssist Agent Desktop Console is a remote monitoring and management (RMM) tool. More information will be added as it becomes available.,https://lolrmm.io/tools/gotoassist_agent_desktop_console,.*\\G2RDesktopConsole-x64\.msi|C:\\.*\\G2RDesktopConsole-x64\.msi,
ConnectWise Control,ConnectWise Control is a remote monitoring and management (RMM) tool. More information will be added as it becomes available.,https://lolrmm.io/tools/connectwise_control,^connectwisechat-customer\.exe$|^connectwisecontrol\.client\.exe$|^screenconnect\.windowsclient\.exe$,control\.connectwise\.com$|live\.screenconnect\.com$
ESET Remote Administrator,ESET Remote Administrator is a remote monitoring and management (RMM) tool. More information will be added as it becomes available.,https://lolrmm.io/tools/eset_remote_administrator,^ERAAgent\.exe$|^einstaller\.exe$|^era\.exe$|^eratool\.exe$|^ezhelp.*\.exe$,eset\.com/me/business/remote-management/remote-administrator/$
Absolute (Computrace),Absolute (Computrace) is a remote monitoring and management (RMM) tool. More information will be added as it becomes available.,https://lolrmm.io/tools/absolute__computrace_,^ctes\.exe$|^cteshostsvc\.exe$|^ctespersitence\.exe$|^rpcld\.exe$|^rpcnet\.exe$,.*search\.namequery\.com$|.*server\.absolute\.com$
BeyondTrust (Bomgar),BeyondTrust (Bomgar) is a remote monitoring and management (RMM) tool. More information will be added as it becomes available.,https://lolrmm.io/tools/beyondtrust__bomgar_,^bomgar-pac-.*\.exe$|^bomgar-pac\.exe$|^bomgar-rdp\.exe$|^bomgar-scc-.*\.exe$|^bomgar-scc\.exe$,.*\.beyondtrustcloud\.com$|.*\.bomgarcloud\.com$|bomgarcloud\.com$
OptiTune,OptiTune is a remote monitoring and management (RMM) tool. More information will be added as it becomes available.,https://lolrmm.io/tools/optitune,^OTPowerShell\.exe$|^OTService\.exe$,.*\.opti-tune\.com$|.*\.optitune\.us$
TurboMeeting,TurboMeeting is a remote monitoring and management (RMM) tool. More information will be added as it becomes available.,https://lolrmm.io/tools/turbomeeting,^pcstarter\.exe$|^turbomeeting\.exe$|^turbomeetingstarter\.exe$,acceo\.com/turbomeeting/$
Encapto,Encapto is a remote monitoring and management (RMM) tool. More information will be added as it becomes available.,https://lolrmm.io/tools/encapto,,encapto\.com$
MultCloud,MultCloud is a remote monitoring and management (RMM) tool. More information will be added as it becomes available.,https://lolrmm.io/tools/multcloud,requires sign up,
RemoteCall,RemoteCall is a remote monitoring and management (RMM) tool. More information will be added as it becomes available.,https://lolrmm.io/tools/remotecall,^agentu\.exe$|^raautoup\.exe$|^rcengmgru\.exe$|^rcmgrsvc\.exe$|^rcstartsupport\.exe$|^remotesupportplayeru\.exe$|^rxstartsupport\.exe$,.*\.remotecall\.com$|.*\.startsupport\.com$|remotecall\.com$
I'm InTouch,I'm InTouch is a remote monitoring and management (RMM) tool. More information will be added as it becomes available.,https://lolrmm.io/tools/i'm_intouch,^I'm InTouch Go Installer\.exe$|^iit\.exe$|^intouch\.exe$,.*\.01com\.com$|01com\.com/imintouch-remote-pc-desktop$
GoToMyPC,"GoToMyPC is a remote monitoring and management (RMM) tool. More information will be added as it becomes available.
",https://lolrmm.io/tools/gotomypc,C:\\Program Files \(x86\)\\GoToMyPC\\.*,.*\.GoToMyPC\.com$
N-Able Advanced Monitoring Agent,N-Able Advanced Monitoring Agent is a remote monitoring and management (RMM) tool. More information will be added as it becomes available.,https://lolrmm.io/tools/n-able_advanced_monitoring_agent,^Agent_.*_RW\.exe$|^BASEClient\.exe$|^BASupApp\.exe$|^BASupSrvcCnfg\.exe$|^BASupSrvc\.exe$|^BASupTSHelper\.exe$,.*\.beanywhere\.com $|.*\.logicnow\.com$|.*\.n-able\.com$|.*\.swi-tc\.com$|.*cloudbackup\.management$|.*remote\.management$|.*system-monitor\.com$|.*systemmonitor\.co\.uk$|.*systemmonitor\.eu\.com$|.*systemmonitor\.us$|systemmonitor\.us\.cdn\.cloudflare\.net$
ezHelp,ezHelp is a remote monitoring and management (RMM) tool. More information will be added as it becomes available.,https://lolrmm.io/tools/ezhelp,^ezHelpManager\.exe$|^ezhelpclient\.exe$|^ezhelpclientmanager\.exe$,.*\.ezhelp\.co\.kr$|ezhelp\.co\.kr$
RPort,RPort is a remote monitoring and management (RMM) tool. More information will be added as it becomes available.,https://lolrmm.io/tools/rport,^rport\.exe$,rport\.io$
NinjaRMM,NinjaRMM is a remote monitoring and management (RMM) tool. More information will be added as it becomes available.,https://lolrmm.io/tools/ninjarmm,^NinjaRMMAgenPatcher\.exe$|^NinjaRMMAgent\.exe$|^ninjarmm-cli\.exe$|^ninjarmmagent\.exe$,.*\.ninja-backup\.com$|.*\.ninjaone\.com$|.*\.ninjarmm\.com$|.*\.ninjarmm\.net$|.*\.rmmservice\.ca$|.*\.rmmservice\.com\.au$|.*\.rmmservice\.eu$|ninja-backup\.com$|ninjaone\.com$|ninjarmm\.net$|resources\.ninjarmm\.com$|rmmservice\.ca$|rmmservice\.com\.au$|rmmservice\.eu$
Solar-PuTTY,Solar-PuTTY is a remote monitoring and management (RMM) tool. More information will be added as it becomes available.,https://lolrmm.io/tools/solar-putty,.*\\Solar-PuTTY\.exe$|.*\\Solar-Putty-v4\\.*|C:\\Program Files\\Solar-Putty-v4\\.*,
Remote Desktop Plus,Remote Desktop Plus is a remote monitoring and management (RMM) tool. More information will be added as it becomes available.,https://lolrmm.io/tools/remote_desktop_plus,^rdp\.exe$,donkz\.nl$
Kabuto,Kabuto is a remote monitoring and management (RMM) tool. More information will be added as it becomes available.,https://lolrmm.io/tools/kabuto,^Kabuto\.App\.Runner\.exe$,.*\.kabuto\.io$|repairtechsolutions\.com/kabuto/$
AweRay,AweRay is a remote monitoring and management (RMM) tool. More information will be added as it becomes available.,https://lolrmm.io/tools/aweray,^AweSun\.exe$|^aweray_remote.*\.exe$,asapi.*\.aweray\.net$|client-api\.aweray\.com$
Remcos,Remcos is a remote monitoring and management (RMM) tool. More information will be added as it becomes available.,https://lolrmm.io/tools/remcos,^remcos.*\.exe$,
Kaseya (VSA),Kaseya (VSA) aka Unigma is a remote monitoring and management (RMM) tool. More information will be added as it becomes available.,https://lolrmm.io/tools/kaseya__vsa_,C:\\Program Files \(x86\)\\Kaseya\\|C:\\ProgramData\\Kaseya\\,.*\.kaseya\.net$|.*managedsupport\.kaseya\.net$|deploy01\.kaseya\.com$|kaseya\.com$
Free Tools Launcher,Free Tools Launcher is a remote monitoring and management (RMM) tool. More information will be added as it becomes available.,https://lolrmm.io/tools/free_tools_launcher,.*\\ManageEngine\\.*|C:\\Program Files\\ManageEngine\\ManageEngine Free Tools\\Launcher\\.*,
Panorama9,Panorama9 is a remote monitoring and management (RMM) tool. More information will be added as it becomes available.,https://lolrmm.io/tools/panorama9,^p9agent.*\.exe$,changes\.panorama9\.com$|panorama9\.com$|trusted\.panorama9\.com$
RemotePC,RemotePC is a remote monitoring and management (RMM) tool. More information will be added as it becomes available.,https://lolrmm.io/tools/remotepc,.*\\RemotePCService\.exe$|.*\\RemotePC\\.*|C:\\Program Files \(x86\)\\RemotePC\\.*|Idrive\.File-Transfer|^RemotePCService\.exe$|^RemotePC\.exe$|^remotepchost\.exe$|^remotepcservice\.exe$|^rpcsuite\.exe$|idrive\.RemotePCAgent,.*\.remotedesktop\.com$|.*\.remotepc\.com$|remotepc\.com$|www\.remotepc\.com$
Royal Server,Royal Server is a remote monitoring and management (RMM) tool. More information will be added as it becomes available.,https://lolrmm.io/tools/royal_server,,royalapps\.com$
Pocket Cloud (Wyse),Pocket Cloud (Wyse) is a remote monitoring and management (RMM) tool. More information will be added as it becomes available.,https://lolrmm.io/tools/pocket_cloud__wyse_,^pocketcloud.*\.exe$|^pocketcloudservice\.exe$,
Goverlan,Goverlan is a remote monitoring and management (RMM) tool. More information will be added as it becomes available.,https://lolrmm.io/tools/goverlan,.*\\GovSrv\.exe$|.*\\PJ Technologies\\GOVsrv\\.*|C:\\Program Files \(x86\)\\PJ Technologies\\GOVsrv\\.*|^GovAgentInstallHelper\.exe$|^GovAgentx64\.exe$|^GovReachClient\.exe$|^goverrmc\.exe$|^govsrv.*\.exe$,goverlan\.com$
Remmina,Remmina is a remote monitoring and management (RMM) tool. More information will be added as it becomes available.,https://lolrmm.io/tools/remmina,,
NinjaOne (formerly NinjaRMM),NinjaOne (formerly NinjaRMM) is a remote monitoring and management (RMM) tool. More information will be added as it becomes available.,https://lolrmm.io/tools/ninjaone__formerly_ninjarmm_,.*ProgramData\\NinjaRMMAgent\\.*,
ngrok,ngrok is a remote monitoring and management (RMM) tool. More information will be added as it becomes available.,https://lolrmm.io/tools/ngrok,.*\\ngrok.*|C:\\.*\\ngrok\.zip|^ngrok\.exe$,connect\.ap\.ngrok-agent\.com$|connect\.au\.ngrok-agent\.com$|connect\.eu\.ngrok-agent\.com$|connect\.in\.ngrok-agent\.com$|connect\.jp\.ngrok-agent\.com$|connect\.ngrok-agent\.com$|connect\.sa\.ngrok-agent\.com$|connect\.us\.ngrok-agent\.com$|ngrok\.com$
AliWangWang-remote-control,AliWangWang-remote-control is a remote monitoring and management (RMM) tool. More information will be added as it becomes available.,https://lolrmm.io/tools/aliwangwang-remote-control,^alitask\.exe$,wangwang\.taobao\.com$
Pilixo,Pilixo is a remote monitoring and management (RMM) tool. More information will be added as it becomes available.,https://lolrmm.io/tools/pilixo,^Pilixo_Installer.*\.exe$|^rdp\.exe$,.*\.pilixo\.com$|download\.pilixo\.com$|pilixo\.com$
Acronis Cyber Protect (Remotix),Acronis Cyber Protect (Remotix) is a remote monitoring and management (RMM) tool. More information will be added as it becomes available.,https://lolrmm.io/tools/acronis_cyber_protect__remotix_,^AcronisCyberProtectConnectAgent\.exe$|^AcronisCyberProtectConnectQuickAssist.*\.exe$,agents.*-cloud\.acronis\.com$|cloud\.acronis\.com$|connect\.acronis\.com$|gw\.remotix\.com$
Pocket Controller,Pocket Controller is a remote monitoring and management (RMM) tool. More information will be added as it becomes available.,https://lolrmm.io/tools/pocket_controller,^pocketcloudservice\.exe$|^pocketcontroller\.exe$|^wysebrowser\.exe$,soti\.net/products/soti-pocket-controller$
Sorillus,Sorillus is a remote monitoring and management (RMM) tool. More information will be added as it becomes available.,https://lolrmm.io/tools/sorillus,^Sorillus Launcher\.exe$|^Sorillus-Launcher.*\.exe$,.*\.sorillus\.com$|sorillus\.com$
RDPView,RDPView is a remote monitoring and management (RMM) tool. More information will be added as it becomes available.,https://lolrmm.io/tools/rdpview,^dwrcs\.exe$,systemmanager\.ru/dntu\.en/rdp_view\.htm$
Quest KACE Agent (formerly Dell KACE),Quest KACE Agent (formerly Dell KACE) is a remote monitoring and management (RMM) tool. More information will be added as it becomes available.,https://lolrmm.io/tools/quest_kace_agent__formerly_dell_kace_,^konea\.exe$,.*\.kace\.com$|www\.quest\.com/kace/$
CrossLoop,CrossLoop is a remote monitoring and management (RMM) tool. More information will be added as it becomes available.,https://lolrmm.io/tools/crossloop,^CrossLoopConnect\.exe$|^WinVNCStub\.exe$|^crossloopservice\.exe$,.*\.crossloop\.com$|crossloop\.en\.softonic\.com$
Remote.it,Remote.it is a remote monitoring and management (RMM) tool. More information will be added as it becomes available.,https://lolrmm.io/tools/remote.it,^remote-it-installer\.exe$|^remote\.it\.exe$|^remoteit\.exe$,api\.remote\.it$|auth\.api\.remote\.it$|remote\.it$
Auvik,Auvik is a remote monitoring and management (RMM) tool. More information will be added as it becomes available.,https://lolrmm.io/tools/auvik,^auvik\.agent\.exe$|^auvik\.engine\.exe$,.*\.auvik\.com$|.*\.my\.auvik\.com$|auvik\.com$
MobaXterm,MobaXterm is a remote monitoring and management (RMM) tool. More information will be added as it becomes available.,https://lolrmm.io/tools/mobaxterm,.*\\MobaXterm_installer_.*\.msi|.*\\Mobatek\\MobaXterm\\.*|C:\\.*\\MobaXterm_installer_12\.1\.msi,
Xeox,Xeox is a remote monitoring and management (RMM) tool. More information will be added as it becomes available.,https://lolrmm.io/tools/xeox,^xeox-agent_.*\.exe$|^xeox-agent_x64\.exe$|^xeox-agent_x86\.exe$|^xeox_service_windows\.exe$,.*\.xeox\.com$|xeox\.com$
RemoteView,RemoteView is a remote monitoring and management (RMM) tool. More information will be added as it becomes available.,https://lolrmm.io/tools/remoteview,^remoteview\.exe$|^rv\.exe$|^rvagent\.exe$|^rvagtray\.exe$,.*\.rview\.com$|.*content\.rview\.com$|content\.rview\.com$
Free Ping Tool,Free Ping Tool is a remote monitoring and management (RMM) tool. More information will be added as it becomes available.,https://lolrmm.io/tools/free_ping_tool,can't find this one,
Remote Manipulator System,Remote Manipulator System is a remote monitoring and management (RMM) tool. More information will be added as it becomes available.,https://lolrmm.io/tools/remote_manipulator_system,^rfusclient\.exe$|^rutserv\.exe$,.*\.internetid\.ru$|rmansys\.ru$
Pandora RC (eHorus),Pandora RC (eHorus) is a remote monitoring and management (RMM) tool. More information will be added as it becomes available.,https://lolrmm.io/tools/pandora_rc__ehorus_,^ehorus standalone\.exe$|^ehorus_agent\.exe$,portal\.ehorus\.com$
Ericom AccessNow,Ericom AccessNow is a remote monitoring and management (RMM) tool. More information will be added as it becomes available.,https://lolrmm.io/tools/ericom_accessnow,^accessserver.*\.exe$|^accessserver\.exe$,ericom\.com$
MeshCentral,"MeshCentral is a remote monitoring and management (RMM) tool. MeshAgent used along with MeshCentral to remotely manage computers. MeshAgent can execute commands on the target host by leveraging win-console to obscure their activities and win-dispatcher to run malicious code through IPC with child processes.
",https://lolrmm.io/tools/meshcentral,/usr/local/mesh_services/meshagent/.*|/usr/local/mesh_services/meshagent/meshagent/.*|^meshagent.*\.exe$|^meshcentral.*\.exe$,meshcentral\.com$
NetLock RMM,NetLock RMM is an open source Remote Management and Monitoring tool with a paid support and cloud offering.,https://lolrmm.io/tools/netlock_rmm,/Library/Application Support/0x101_Cyber_Security/.*|/usr/0x101_Cyber_Security/Netlock_RMM/.*|/usr/local/bin/0x101_Cyber_Security/Netlock_RMM/.*|/var/0x101_Cyber_Security/.*|C:\\Program Files\\0x101 Cyber Security\\NetLock RMM\\UserAgent\\NetLock_RMM_User_Process\.exe$|C:\\Program Files\\0x101 Cyber Security\\NetLock RMM\\UserAgent\\NetLock_RMM_User_UAC\.exe$|C:\\ProgramData\\0x101 Cyber Security\\NetLock RMM\\Comm Agent\\.*|NetLock_RMM_Agent_Installer|^NetLock_RMM_Agent_Installer\.exe$,
Parallels Access,Parallels Access is a remote monitoring and management (RMM) tool. More information will be added as it becomes available.,https://lolrmm.io/tools/parallels_access,^TSClient\.exe$|^parallelsaccess-.*\.exe$|^prl_deskctl_agent\.exe$|^prl_deskctl_wizard\.exe$|^prl_pm_service\.exe$,.*\.parallels\.com$|parallels\.com/products/ras/try$
HelpU,HelpU is a remote monitoring and management (RMM) tool. More information will be added as it becomes available.,https://lolrmm.io/tools/helpu,^HelpuManager\.exe$|^HelpuUpdater\.exe$|^helpu_install\.exe$,.*\.helpu\.co\.kr$|helpu\.co\.kr$
KiTTY,KiTTY is a remote monitoring and management (RMM) tool. More information will be added as it becomes available.,https://lolrmm.io/tools/kitty,.*\\kitty\.exe$|C:\\.*\\kitty\.exe$,
Devolutions Remote Desktop Manager,Devolutions Remote Desktop Manager is a remote monitoring and management (RMM) tool. More information will be added as it becomes available.,https://lolrmm.io/tools/devolutions_remote_desktop_manager,.*\\RemoteDesktopManager\.exe$|C:\\Program Files\\Devolutions\\Remote Desktop Manager,
LogMeIn,"LogMeIn is a remote monitoring and management (RMM) tool. More information will be added as it becomes available.
",https://lolrmm.io/tools/logmein,,.*\.logmein\.com$|.*\.logmein\.eu$|.*\.logmeininc\.com$|logmein-gateway\.com$|logmeinrescue\.com$
DragonDisk,DragonDisk is a remote monitoring and management (RMM) tool. More information will be added as it becomes available.,https://lolrmm.io/tools/dragondisk,.*\\Almageste\\DragonDisk\\.*|.*\\DragonDisk\.exe$|C:\\Program Files \(x86\)\\Almageste\\DragonDisk\\.*,
XRDP,XRDP is a remote monitoring and management (RMM) tool. More information will be added as it becomes available.,https://lolrmm.io/tools/xrdp,,
MioNet (WD Anywhere Access),MioNet (WD Anywhere Access) is a remote monitoring and management (RMM) tool. More information will be added as it becomes available.,https://lolrmm.io/tools/mionet__wd_anywhere_access_,^mionet\.exe$|^mionetmanager\.exe$,
Royal TS,Royal TS is a remote monitoring and management (RMM) tool. More information will be added as it becomes available.,https://lolrmm.io/tools/royal_ts,^royalts\.exe$,royalapps\.com$
SuperPuTTY,SuperPuTTY is a remote monitoring and management (RMM) tool. More information will be added as it becomes available.,https://lolrmm.io/tools/superputty,.*Downloads\\SuperPuTTY\\.*|.*\\SuperPuTTY\\.*|.*\\superputty\.exe$|C:\\Downloads\\SuperPuTTY\\.*,
N-Able Advanced Monitoring Agent,N-Able Advanced Monitoring Agent is a remote monitoring and management (RMM) tool. More information will be added as it becomes available.,https://lolrmm.io/tools/n-able_advanced_monitoring_agent,^Agent_.*_RW\.exe$|^BASEClient\.exe$|^BASupApp\.exe$|^BASupSrvcCnfg\.exe$|^BASupSrvc\.exe$|^BASupTSHelper\.exe$|^winagent\.exe$,.*\.beanywhere\.com $|.*\.logicnow\.com$|.*\.n-able\.com$|.*\.swi-tc\.com$|.*cloudbackup\.management$|.*remote\.management$|.*system-monitor\.com$|.*systemmonitor\.co\.uk$|.*systemmonitor\.eu\.com$|.*systemmonitor\.us$|cloudbackup\.management$|logicnow\.com$|n-able\.com$|remote\.management$|system-monitor\.com$|systemmonitor\.co\.uk$|systemmonitor\.eu\.com$|systemmonitor\.us$|systemmonitor\.us\.cdn\.cloudflare\.net$
Tailscale,Tailscale is a remote monitoring and management (RMM) tool. More information will be added as it becomes available.,https://lolrmm.io/tools/tailscale,^tailscale-.*\.exe$|^tailscale-ipn\.exe$|^tailscaled\.exe$,.*\.tailscale\.com$|.*\.tailscale\.io$|tailscale\.com$
UltraVNC,UltraVNC is a remote monitoring and management (RMM) tool. More information will be added as it becomes available.,https://lolrmm.io/tools/ultravnc,^UltraVNC.*\.exe$,ultravnc\.com$
Bluetrait,"Bluetrait is a Remote Monitoring and Management (RMM) tool designed to provide IT administrators and Managed Service Providers (MSPs) with remote access, system monitoring, and automation capabilities across Windows, Linux, and macOS devices. Like many RMM solutions, Bluetrait enables seamless remote management, allowing administrators to execute commands, install software, and troubleshoot issues without direct user intervention.

However, Proofpoint's research has highlighted how threat actors are increasingly abusing RMM tools, including Bluetrait, for malicious purposes. Attackers leverage Bluetrait as part of their post-exploitation strategy, often deploying it through phishing or social engineering techniques. Once installed, Bluetrait allows attackers to establish persistent remote access, circumvent traditional security controls, and execute malicious payloads under the guise of legitimate administrative activity.",https://lolrmm.io/tools/bluetrait,C:\\Program Files \(x86\)\\Bluetrait Agent\\.*,.*\.bluetrait\.io$|bluetrait\.io$
BeAnyWhere,BeAnyWhere is a remote monitoring and management (RMM) tool. More information will be added as it becomes available.,https://lolrmm.io/tools/beanywhere,^BASupAppElev\.exe$|^BASupAppSrvc\.exe$|^BASupApp\.exe$|^BASupSysInf\.exe$|^TakeControl\.exe$|^basupsrvc\.exe$|^basupsrvcupdate\.exe$|^basuptshelper\.exe$,beanywhere\.com$|beanywhere\.en\.uptodown\.com/windows$
Microsoft Quick Assist,Microsoft Quick Assist is a remote monitoring and management (RMM) tool. More information will be added as it becomes available.,https://lolrmm.io/tools/microsoft_quick_assist,^quickassist\.exe$,.*\.support\.services\.microsoft\.com$
VNC Connect,VNC Connect is a remote monitoring and management (RMM) tool. More information will be added as it becomes available.,https://lolrmm.io/tools/vnc_connect,.*\\RealVNC\\VNC Server\\.*|C:\\Program Files\\RealVNC\\VNC Server\\.*,
Seetrol,Seetrol is a remote monitoring and management (RMM) tool. More information will be added as it becomes available.,https://lolrmm.io/tools/seetrol,^seetrolcenter\.exe$|^seetrolclient\.exe$|^seetrolmyservice\.exe$|^seetrolremote\.exe$|^seetrolsetting\.exe$,seetrol\.co\.kr$
SecureCRT,SecureCRT is a remote monitoring and management (RMM) tool. More information will be added as it becomes available.,https://lolrmm.io/tools/securecrt,.*\\SecureCRT\.EXE|.*\\VanDyke Software\\ClientPack\\.*|C:\\.*\\SecureCRT\.EXE,
HelpBeam,HelpBeam is a remote monitoring and management (RMM) tool. More information will be added as it becomes available.,https://lolrmm.io/tools/helpbeam,^helpbeam.*\.exe$,helpbeam\.software\.informer\.com$
Ammyy Admin,"Ammyy Admin is a remote monitoring and management (RMM) tool. Ammyy admin has been used by scammers to gain remote access to victims' computers. The tool is legitimate and is used by IT professionals for remote management. However, it has been abused by scammers to gain unauthorized access to victims' computers. The tool is free for personal use, but a license is required for commercial use. The tool allows for remote desktop control, file transfer, voice chat, and more. The tool is available for Windows only. will be added as it becomes available.",https://lolrmm.io/tools/ammyy_admin,.*\\AMMYY_Admin\.exe$|C:\\Users\\.*\\Downloads\\AMMYY_Admin\.exe$|C:\\\\ProgramData\\\\AMMYY\\\\.*|^AMMYY_Admin\.exe$|^aa_v.*\.exe$,.*ammyy\.com$|^136\.243\.104\.235$|^136\.243\.104\.242$|^136\.243\.18\.122$|ammyy\.com$
JollysFastVNC,JollysFastVNC is a remote monitoring and management (RMM) tool. More information will be added as it becomes available.,https://lolrmm.io/tools/jollysfastvnc,,
pcAnywhere,pcAnywhere is a remote monitoring and management (RMM) tool. More information will be added as it becomes available.,https://lolrmm.io/tools/pcanywhere,^awhost32\.exe$|^awrem32\.exe$|^pcaquickconnect\.exe$|^winaw32\.exe$,
CruzControl,CruzControl is a remote monitoring and management (RMM) tool. More information will be added as it becomes available.,https://lolrmm.io/tools/cruzcontrol,,
NoMachine,NoMachine is a remote monitoring and management (RMM) tool. More information will be added as it becomes available.,https://lolrmm.io/tools/nomachine,^nomachine.*\.exe$|^nxd\.exe$|nxservice.*\.ese,nomachine\.com$
Insync,Insync is a remote monitoring and management (RMM) tool. More information will be added as it becomes available.,https://lolrmm.io/tools/insync,.*Users\\.*\\AppData\\Roaming\\Insync\\App\\Insync\.exe$|.*\\Insync\.exe$|C:\\Users\\USERNAME\\AppData\\Roaming\\Insync\\App\\Insync\.exe$,
LabTeach (Connectwise Automate),LabTeach (Connectwise Automate) is a remote monitoring and management (RMM) tool. More information will be added as it becomes available.,https://lolrmm.io/tools/labteach__connectwise_automate_,^ltsvc\.exe$,
S3 Browser,S3 Browser is a remote monitoring and management (RMM) tool. More information will be added as it becomes available.,https://lolrmm.io/tools/s3_browser,.*\\S3 Browser\\.*|.*\\s3browser.*\.exe$|C:\\Program Files \(x86\)\\S3 Browser\\.*,
HopToDesk,HopToDesk is a free Remote Management and Monitoring tool.,https://lolrmm.io/tools/hoptodesk,/Applications/HopToDesk\.app|C:\\Program Files \(x86\)\\HopToDesk\\.*|^hoptodesk\.exe$,api\.hoptodesk\.com$|signal\.hoptodesk\.com$|turn\.hoptodesk\.com$
GatherPlace-desktop sharing,GatherPlace-desktop sharing is a remote monitoring and management (RMM) tool. More information will be added as it becomes available.,https://lolrmm.io/tools/gatherplace-desktop_sharing,^gp3\.exe$|^gp4\.exe$|^gp5\.exe$,.*\.gatherplace\.com$|.*\.gatherplace\.net$|gatherplace\.com$
Syncro,Syncro is a remote monitoring and management (RMM) tool. More information will be added as it becomes available.,https://lolrmm.io/tools/syncro,^KabutoSetup\.exe$|^Kabuto\.App\.Runner\.exe$|^Kabuto\.Installer\.exe$|^Kabuto\.Service\.Runner\.exe$|^SyncroLive\.Agent\.exe$|^SyncroLive\.Service\.exe$|^Syncro\.App\.Runner\.exe$|^Syncro\.Installer\.exe$|^Syncro\.Overmind\.Service\.exe$|^Syncro\.Service\.exe$,.*\.kabutoservices\.com$|.*\.syncroapi\.com$|.*\.syncromsp\.com$|app\.kabuto\.io $|attachments\.servably\.com$|kabuto\.io$|kabutoservices\.com$|ld\.aurelius\.host$|repairshopr\.com$|servably\.com$|syncromsp\.com$
Onionshare,Onionshare is a remote monitoring and management (RMM) tool. More information will be added as it becomes available.,https://lolrmm.io/tools/onionshare,.*\\OnionShare\\.*|.*\\onionshare.*\.exe$|C:\\Program Files \(x86\)\\OnionShare\\.*|OnionShare-win.*\.msi,
GoToAssist (GoTo Resolve),GoToAssist (GoTo Resolve) is a remote monitoring and management (RMM) tool. More information will be added as it becomes available.,https://lolrmm.io/tools/gotoassist__goto_resolve_,.*\\GoTo Machine Installer\\.*|.*\\GoTo\\.*|C:\\ProgramFiles.*\\GoTo Machine Installer\\.*,
SkyFex,SkyFex is a remote monitoring and management (RMM) tool. More information will be added as it becomes available.,https://lolrmm.io/tools/skyfex,^DeskRollUA\.exe$|^Deskroll\.exe$,.*\.deskroll\.com$|deskroll\.com$|skyfex\.com$
OCS inventory,OCS inventory is a remote monitoring and management (RMM) tool. More information will be added as it becomes available.,https://lolrmm.io/tools/ocs_inventory,^ocsinventory\.exe$|^ocsservice\.exe$,ocsinventory-ng\.org$
RES Automation Manager,RES Automation Manager is a remote monitoring and management (RMM) tool. More information will be added as it becomes available.,https://lolrmm.io/tools/res_automation_manager,^wisshell.*\.exe$|^wmc\.exe$|^wmc_deployer\.exe$|^wmcsvc\.exe$,ivanti\.com/$
rdpwrap,rdpwrap is a remote monitoring and management (RMM) tool. More information will be added as it becomes available.,https://lolrmm.io/tools/rdpwrap,^RDPCheck\.exe$|^RDPConf\.exe$|^RDPWInst\.exe$,github\.com/stascorp/rdpwrap$
Parsec,"Parsec is a remote desktop streaming tool for remote access and monitoring, mainly used for gaming and collaboration. 

Remote desktop reimagined – a seamless 4k experience at up to 60 frames per second with near-zero latency. 
Secure, flexible, effortless access to whatever you do, at any time, from wherever you go.

Parsec focuses on real-time graphical interaction rather than system administration but can still be abused for lateral movement and initial access.
",https://lolrmm.io/tools/parsec,C:\\Program Files\\Parsec\\.*|^parsecd\.exe$|^pservice\.exe$,.*\.parsec\.app$|parsec\.app$|parsec\.gg$
CrossTec Remote Control,CrossTec Remote Control is a remote monitoring and management (RMM) tool. More information will be added as it becomes available.,https://lolrmm.io/tools/crosstec_remote_control,PCIVIDEO\.EXE|^supporttool\.exe$,crosstecsoftware\.com/remotecontrol$
Supremo,Supremo is a remote monitoring and management (RMM) tool. More information will be added as it becomes available.,https://lolrmm.io/tools/supremo,^supremo\.exe$|^supremohelper\.exe$|^supremoservice\.exe$|^supremosystem\.exe$,.* \.nanosystems\.it$|.*\.supremocontrol\.com$|supremocontrol\.com$
NetSupport Manager,NetSupport Manager is a remote monitoring and management (RMM) tool. More information will be added as it becomes available.,https://lolrmm.io/tools/netsupport_manager,^client32\.exe$|^pcicfgui\.exe$|^pcictlui\.exe$,.*\.netsupportmanager\.com$|geo\.netsupportsoftware\.com$|netsupportmanager\.com$
Jump Cloud,Jump Cloud is a remote monitoring and management (RMM) tool. More information will be added as it becomes available.,https://lolrmm.io/tools/jump_cloud,^JumpCloud.*\.exe ,.*\.api\.jumpcloud\.com$|.*\.assist\.jumpcloud\.com$
Distant Desktop,Distant Desktop is a remote monitoring and management (RMM) tool. More information will be added as it becomes available.,https://lolrmm.io/tools/distant_desktop,^dd\.exe$|^ddsystem\.exe$|^distant-desktop\.exe$,.*\.distantdesktop\.com$|.*signalserver\.xyz$
TeamViewer,"TeamViewer is a remote monitoring and management (RMM) tool.
",https://lolrmm.io/tools/teamviewer,C:\\Program Files\\TeamViewer\\|^teamviewer_desktop\.exe$|^teamviewer_service\.exe$|teamviewerhost,.*\.teamviewer\.com$|client\.teamviewer\.com$|router15\.teamviewer\.com$|taf\.teamviewer\.com$
Remote Desktop Manager (Devolutions),Remote Desktop Manager (Devolutions) is a remote monitoring and management (RMM) tool. More information will be added as it becomes available.,https://lolrmm.io/tools/remote_desktop_manager__devolutions_,,
ZeroTier,ZeroTier is a remote monitoring and management (RMM) tool. More information will be added as it becomes available.,https://lolrmm.io/tools/zerotier,^zero-powershell\.exe$|^zerotier.*\.exe$|zerotier.*\.msi,.*\.zerotier\.com$|zerotier\.com$
RunSmart,RunSmart is a remote monitoring and management (RMM) tool. More information will be added as it becomes available.,https://lolrmm.io/tools/runsmart,,runsmart\.io$
WebEx (Remote Access),WebEx (Remote Access) is a remote monitoring and management (RMM) tool. More information will be added as it becomes available.,https://lolrmm.io/tools/webex__remote_access_,,
FleetDeck.io,FleetDeck.io is a remote monitoring and management (RMM) tool. More information will be added as it becomes available.,https://lolrmm.io/tools/fleetdeck.io,^fleetdeck_agent\.exe$|^fleetdeck_agent_svc\.exe$|^fleetdeck_commander_launcher\.exe$|^fleetdeck_commander_svc\.exe$|^fleetdeck_installer\.exe$,.*\.fleetdeck\.io$|cognito-idp\.us-west-2\.amazonaws\.com$|fleetdeck\.io$
Pcnow,Pcnow is a remote monitoring and management (RMM) tool. More information will be added as it becomes available.,https://lolrmm.io/tools/pcnow,^mwcliun\.exe$|^pcnmgr\.exe$|^webexpcnow\.exe$,au\.pcmag\.com/utilities/21470/webex-pcnow$
MSP360,MSP360 is a remote monitoring and management (RMM) tool. More information will be added as it becomes available.,https://lolrmm.io/tools/msp360,^CBBackupPlan\.exe$|^CloudRaCmd\.exe$|^CloudRaSd\.exe$|^CloudRaService\.exe$|^CloudRaUtilities\.exe$|^Cloud\.Backup\.RM\.Service\.exe$|^Cloud\.Backup\.Scheduler\.exe$|^Connect\.exe$|^Online Backup\.exe$|^Remote Desktop\.exe$|^cbb\.exe$,.*\.cloudberrylab\.com$|.*\.msp360\.com$|.*\.mspbackups\.com$|msp360\.com$
PuTTY Tray,PuTTY Tray is a remote monitoring and management (RMM) tool. More information will be added as it becomes available.,https://lolrmm.io/tools/putty_tray,.*\\puttytray\.exe$|C:\\.*\\puttytray\.exe$,
Tanium Deploy,Tanium Deploy is a remote monitoring and management (RMM) tool. More information will be added as it becomes available.,https://lolrmm.io/tools/tanium_deploy,,tanium\.com/products/tanium-deploy$
PDQ Connect,PDQ Connect is a remote monitoring and management (RMM) tool. More information will be added as it becomes available.,https://lolrmm.io/tools/pdq_connect,PDQConnectUpdater-.*\.msi|^pdq-connect.*\.exe$,app\.pdq\.com$|cfcdn\.pdq\.com$|pdqinstallers\..*\.r2\.cloudflarestorage\.com$
Barracuda,Barracuda is a remote monitoring and management (RMM) tool. More information will be added as it becomes available.,https://lolrmm.io/tools/barracuda,,.*\.islonline\.net$|barracudamsp\.com$|rmm\.barracudamsp\.com$
Koofr,Koofr is a remote monitoring and management (RMM) tool. More information will be added as it becomes available.,https://lolrmm.io/tools/koofr,,
ShowMyPC,ShowMyPC is a remote monitoring and management (RMM) tool. More information will be added as it becomes available.,https://lolrmm.io/tools/showmypc,^SMPCSetup\.exe$|^showmypc.*\.exe$|^showmypc\.exe$|^smpcsetup\.exe$,.*\.showmypc\.com$|showmypc\.com$
Aspia,"Aspia is an open-source Remote Desktop, file transfer and system information tool.
",https://lolrmm.io/tools/aspia,.*\\aspia_client\.exe$|C:\\Program Files \(x86\)\\Aspia\\|C:\\Program Files\\Aspia\\,https://github\.com/dchapyshev/aspia$
FreeRDP,FreeRDP is a remote monitoring and management (RMM) tool. More information will be added as it becomes available.,https://lolrmm.io/tools/freerdp,,
Itarian,Itarian is a remote monitoring and management (RMM) tool. More information will be added as it becomes available.,https://lolrmm.io/tools/itarian,^ComodoRemoteControl\.exe$|^ITSMAgent\.exe$|^ITSMService\.exe$|^ITarianRemoteAccessSetup\.exe$|^ItsmRsp\.exe$|^RAccess\.exe$|^RDesktop\.exe$|^RHost\.exe$|^RViewer\.exe$|^RmmService\.exe$,.*\.cmdm\.comodo\.com$|.*\.itsm-us1\.comodo\.com$|mdmsupport\.comodo\.com$|remoteaccess\.itarian\.com$|servicedesk\.itarian\.com$
TeleDesktop,TeleDesktop is a remote monitoring and management (RMM) tool. More information will be added as it becomes available.,https://lolrmm.io/tools/teledesktop,^pstlaunch\.exe$|^ptdskclient\.exe$|^ptdskhost\.exe$,tele-desk\.com$
CloudFlare Tunnel,CloudFlare Tunnel is a remote monitoring and management (RMM) tool. More information will be added as it becomes available.,https://lolrmm.io/tools/cloudflare_tunnel,^cloudflared\.exe$,cloudflare\.com/products/tunnel/$
Splashtop Remote,Splashtop Remote is a remote monitoring and management (RMM) tool. More information will be added as it becomes available.,https://lolrmm.io/tools/splashtop_remote,^SplashtopSOS\.exe$|^Splashtop_Streamer_Windows.*\.exe$|^sragent\.exe$|^srmanager\.exe$|^srserver\.exe$|^srservice\.exe$|^strwinclt\.exe$,.*\.api\.splashtop\.com$|.*\.api\.splashtop\.eu$|.*\.relay\.splashtop\.com$|splashtop\.com$
mRemoteNG,mRemoteNG is a remote monitoring and management (RMM) tool. More information will be added as it becomes available.,https://lolrmm.io/tools/mremoteng,.*%\\mRemoteNG|.*\\mRemoteNG\.exe$|.*\\mRemoteNG\\.*|C:\\Program Files \(x86\)\\mRemoteNG\\.*|^mRemoteNG\.exe$|c:\\Program Files \(x86\)%\\mRemoteNG|mRemoteNG-Installer-.*\.msi,mremoteng\.org$
Anyplace Control,Anyplace Control is a remote monitoring and management (RMM) tool. More information will be added as it becomes available.,https://lolrmm.io/tools/anyplace_control,^apc_host\.exe$,anyplace-control\.com$
Netreo,Netreo is a remote monitoring and management (RMM) tool. More information will be added as it becomes available.,https://lolrmm.io/tools/netreo,,.*\.api\.netreo\.com$|activation\.netreo\.net$|charon\.netreo\.net$|netreo\.com$
WinSCP,WinSCP is a remote monitoring and management (RMM) tool. More information will be added as it becomes available.,https://lolrmm.io/tools/winscp,.*\\WinSCP.*Portable\\.*|.*\\WinSCP\.exe$|.*\\WinSCP\\.*|C:\\Users\\IEUser\\Downloads\\WinSCP-5\.21\.6-Portable\\.*,
Mikogo,Mikogo is a remote monitoring and management (RMM) tool. More information will be added as it becomes available.,https://lolrmm.io/tools/mikogo,.*Users\\.*\\AppData\\Roaming\\Mikogo\\.*|.*\\Mikogo-Screen-Service\.exe$|.*\\Mikogo-Service\.exe$|C:\\Users\\.*\\AppData\\Roaming\\Mikogo\\.*|^mikogo-service\.exe$|^mikogo-starter\.exe$|^mikogo\.exe$|^mikogolauncher\.exe$,.*\.mikogo4\.com$|.*\.mikogo\.com$|.*\.real-time-collaboration\.com$|mikogo\.com$
Tactical RMM,Tactical RMM is a remote monitoring and management (RMM) tool. More information will be added as it becomes available.,https://lolrmm.io/tools/tactical_rmm,^tacticalrmm\.exe$,docs\.tacticalrmm\.com$|login\.tailscale\.com$
Comodo RMM,Comodo RMM is a remote monitoring and management (RMM) tool. More information will be added as it becomes available.,https://lolrmm.io/tools/comodo_rmm,^itsmagent\.exe$|^rviewer\.exe$,.*\.itsm-us1\.comodo\.com$|.*mdmsupport\.comodo\.com$|one\.comodo\.com$
Ivanti Remote Control,Ivanti Remote Control is a remote monitoring and management (RMM) tool. More information will be added as it becomes available.,https://lolrmm.io/tools/ivanti_remote_control,^AgentlessRC\.exe$|^ArcUI\.exe$|^IvantiRemoteControl\.exe$,.*\.ivanticloud\.com$
Manage Engine (Desktop Central),Manage Engine (Desktop Central) is a remote monitoring and management (RMM) tool. More information will be added as it becomes available.,https://lolrmm.io/tools/manage_engine__desktop_central_,^dcagentregister\.exe$|^dcagentservice\.exe$,.*\.-dms\.zoho\.com\.cn$|.*\.dms\.zoho\.com$|.*\.dms\.zoho\.com\.eu$|desktopcentral\.manageengine\.cn$|desktopcentral\.manageengine\.com$|desktopcentral\.manageengine\.com\.eu$
Access Remote PC,Access Remote PC is a remote monitoring and management (RMM) tool. More information will be added as it becomes available.,https://lolrmm.io/tools/access_remote_pc,C:\\Program Files \(x86\)\\RemotePC\\.*,
mstsc,mstsc is a remote monitoring and management (RMM) tool. More information will be added as it becomes available.,https://lolrmm.io/tools/mstsc,.*Windows\\System32\\mstsc\.exe$|C:\\Windows\\System32\\mstsc\.exe$,
Tanium,Tanium is a remote monitoring and management (RMM) tool. More information will be added as it becomes available.,https://lolrmm.io/tools/tanium,^TPowerShell\.exe$|^TaniumCX\.exe$|^TaniumClient\.exe$|^TaniumExecWrapper\.exe$|^TaniumFileInfo\.exe$,.*\.cloud\.tanium\.com$|cloud\.tanium\.com$
NetSupport Manager,NetSupport Manager is a remote monitoring and management (RMM) tool. More information will be added as it becomes available.,https://lolrmm.io/tools/netsupport_manager,^client32\.exe$|^pcicfgui\.exe$|^pcictlui\.exe$,.*\.netsupportmanager\.com$|netsupportmanager\.com$
Duplicati,Duplicati is a remote monitoring and management (RMM) tool. More information will be added as it becomes available.,https://lolrmm.io/tools/duplicati,.*\\.*\\Duplicati\.Server\.exe$|c:\\Program Files\\.*\\Duplicati\.Server\.exe$,
ZOC,ZOC is a remote monitoring and management (RMM) tool. More information will be added as it becomes available.,https://lolrmm.io/tools/zoc,.*\\ZOC?\\.*|.*\\zoc\.exe$|C:\\Program Files\\ZOC8\\.*,
Level.io,Level.io is a remote monitoring and management (RMM) tool. More information will be added as it becomes available.,https://lolrmm.io/tools/level.io,^level-remote-control-ffmpeg\.exe$|^level-windows-amd64\.exe$|^level\.exe$,.*\.level\.io$|level\.io$
Splashtop,Splashtop is a remote monitoring and management (RMM) tool. More information will be added as it becomes available.,https://lolrmm.io/tools/splashtop,.*\\Splashtop\\Splashtop Remote\\Client for RMM\\.*|C:\\Program Files \(x86\)\\Splashtop\\.*|^strwinclt\.exe$,.*\.splashtop\.com$
Pocket Controller (Soti Xsight),Pocket Controller (Soti Xsight) is a remote monitoring and management (RMM) tool. More information will be added as it becomes available.,https://lolrmm.io/tools/pocket_controller__soti_xsight_,^XSightService\.exe$|^pocketcontroller\.exe$|^wysebrowser\.exe$,.*soti\.net$
Connectwise Automate (LabTech),Connectwise Automate (LabTech) is a remote monitoring and management (RMM) tool. More information will be added as it becomes available.,https://lolrmm.io/tools/connectwise_automate__labtech_,^ltsvc\.exe$|^ltsvcmon\.exe$|^lttray\.exe$,.*\.hostedrmm\.com$
RuDesktop,RuDesktop is a remote monitoring and management (RMM) tool. More information will be added as it becomes available.,https://lolrmm.io/tools/rudesktop,^rd\.exe$|^rudesktop.*\.exe$,.*\.rudesktop\.ru$|rudesktop\.ru$
MyIVO,MyIVO is a remote monitoring and management (RMM) tool. More information will be added as it becomes available.,https://lolrmm.io/tools/myivo,^myivomanager\.exe$|^myivomgr\.exe$,myivo-server\.software\.informer\.com$
CentraStage (Now Datto),CentraStage (Now Datto) is a remote monitoring and management (RMM) tool. More information will be added as it becomes available.,https://lolrmm.io/tools/centrastage__now_datto_,^AEMAgent\.exe$|^CagService\.exe$,.*\.rmm\.datto\.com$|.*cc\.centrastage\.net$|datto\.com/au/products/rmm/$
Pcvisit,Pcvisit is a remote monitoring and management (RMM) tool. More information will be added as it becomes available.,https://lolrmm.io/tools/pcvisit,^pcvisit-easysupport\.exe$|^pcvisit\.exe$|^pcvisit_client\.exe$|^pcvisit_service_client\.exe$,.*\.pcvisit\.de$|pcvisit\.de$
Action1,"Action1 is a powerful Remote Monitoring and Management(RMM) tool that enables users to execute commands, scripts, and binaries. 
Through the web interface of action1, the administrator must create a new policy or an app to establish remote execution and then points that the agent is installed.
",https://lolrmm.io/tools/action1,C:\\Windows\\Action1\\.*,.*\.action1\.com$|a1-backend-packages\.s3\.amazonaws\.com$
Instant Housecall,Instant Housecall is a remote monitoring and management (RMM) tool. More information will be added as it becomes available.,https://lolrmm.io/tools/instant_housecall,^hsloader\.exe$|^ihcserver\.exe$|^instanthousecall\.exe$,.*\.instanthousecall\.com$|.*\.instanthousecall\.net$|instanthousecall\.com$|secure\.instanthousecall\.com$
ManageEngine RMM Central,ManageEngine RMM Central is a remote monitoring and management (RMM) tool. More information will be added as it becomes available.,https://lolrmm.io/tools/manageengine_rmm_central,,manageengine\.com/remote-monitoring-management/$
KHelpDesk,KHelpDesk is a remote monitoring and management (RMM) tool. More information will be added as it becomes available.,https://lolrmm.io/tools/khelpdesk,^KHelpDesk\.exe$,.*\.khelpdesk\.com\.br$
UltraViewer,UltraViewer is a remote monitoring and management (RMM) tool. More information will be added as it becomes available.,https://lolrmm.io/tools/ultraviewer,.*\\UltraViewer\\|.*\\UltraViewer_Desktop\.exe$|C:\\Program Files \(x86\)\\UltraViewer\\UltraViewer_Desktop\.exe$|UltraViewer_setup.*|^UltraViewer_Desktop\.exe$|^UltraViewer_Service\.exe$|^ultraviewer\.exe$|^ultraviewer_desktop\.exe$|^ultraviewer_service\.exe$,.*\.ultraviewer\.net$|ultraviewer\.net$
Apple Remote Desktop,Apple Remote Desktop is a remote monitoring and management (RMM) tool. More information will be added as it becomes available.,https://lolrmm.io/tools/apple_remote_desktop,ARDAgent\.app,
Instant Housecall,Instant Housecall is a remote monitoring and management (RMM) tool. More information will be added as it becomes available.,https://lolrmm.io/tools/instant_housecall,^InstantHousecall\.exe$|^hsloader\.exe$|^ihcserver\.exe$|^instanthousecall\.exe$,.*\.instanthousecall\.com$|.*\.instanthousecall\.net$|instanthousecall\.com$|secure\.instanthousecall\.com$
AnyDesk,"AnyDesk is a popular remote desktop software that enables users to access and control a computer or device from a remote location. It was developed with the primary goal of facilitating remote work, technical support, and collaboration between individuals and teams.
",https://lolrmm.io/tools/anydesk,/Applications/AnyDesk\.app|C:\\Program Files \(x86\)\\AnyDesk\\.*|C:\\Program Files\\AnyDesk\\.*,.*\.anydesk\.com$|boot\.net\.anydesk\.com$|relay-[a-f0-9]{8}\.net\.anydesk\.com:443$
Ultra VNC,Ultra VNC is a remote monitoring and management (RMM) tool. More information will be added as it becomes available.,https://lolrmm.io/tools/ultra_vnc,.*\\UVNC_Launch\.exe$|.*\\uvnc bvba\\UltraVNC\\.*|.*\\vncviewer\.exe$|.*\\winvnc\.exe$|C:\\Program Files\\uvnc bvba\\UltraVNC\\.*,
Laplink Gold,Laplink Gold is a remote monitoring and management (RMM) tool. More information will be added as it becomes available.,https://lolrmm.io/tools/laplink_gold,^laplink\.exe$|^tsircusr\.exe$,wen\.laplink\.com/product/laplink-gold$
FastViewer,FastViewer is a remote monitoring and management (RMM) tool. More information will be added as it becomes available.,https://lolrmm.io/tools/fastviewer,^FastViewer\.exe$|^fastclient\.exe$|^fastmaster\.exe$,.*\.fastviewer\.com$|fastviewer\.com$
LiteManager,LiteManager is a remote monitoring and management (RMM) tool. More information will be added as it becomes available.,https://lolrmm.io/tools/litemanager,^ROMFUSClient\.exe$|^ROMServer\.exe$|^lmnoipserver\.exe$|^romfusclient\.exe$|^romserver\.exe$|^romviewer\.exe$,.*\.litemanager\.com$|.*\.litemanager\.ru$|litemanager\.com$
TightVNC,TightVNC is a remote monitoring and management (RMM) tool. More information will be added as it becomes available.,https://lolrmm.io/tools/tightvnc,^TightVNCViewerPortable.*\.exe$|^tvnserver\.exe$|^tvnviewer\.exe$,tightvnc\.com$
RealVNC,RealVNC is a remote monitoring and management (RMM) tool. More information will be added as it becomes available.,https://lolrmm.io/tools/realvnc,,
Electric AI (Kaseya),Electric AI (Kaseya) is a remote monitoring and management (RMM) tool. More information will be added as it becomes available.,https://lolrmm.io/tools/electric_ai__kaseya_,,electric\.ai$
Netviewer (GoToMeet),Netviewer (GoToMeet) is a remote monitoring and management (RMM) tool. More information will be added as it becomes available.,https://lolrmm.io/tools/netviewer__gotomeet_,^netviewer\.exe$|^nvClient\.exe$,
Weezo,Weezo is a remote monitoring and management (RMM) tool. More information will be added as it becomes available.,https://lolrmm.io/tools/weezo,^weezo setup.*\.exe$|^weezo\.exe$|^weezohttpd\.exe$,.*\.weezo\.me$|.*\.weezo\.net$|weezo\.en\.softonic\.com$|weezo\.net$
ManageEngine,ManageEngine is a remote monitoring and management (RMM) tool. More information will be added as it becomes available.,https://lolrmm.io/tools/manageengine,.*\\DesktopCentral_Agent\\bin\\.*|.*\\dcagentservice\.exe$|C:\\Program Files \(x86\)\\DesktopCentral_Agent\\bin\\.*|^InstallShield Setup\.exe$|^ManageEngine_Remote_Access_Plus\.exe$,
GetScreen,GetScreen is a remote monitoring and management (RMM) tool. More information will be added as it becomes available.,https://lolrmm.io/tools/getscreen,^GetScreen\.exe$|^getscreen\.exe$,.*\.getscreen\.me$|GetScreen\.me$|getscreen\.me$
Netviewer,Netviewer is a remote monitoring and management (RMM) tool. More information will be added as it becomes available.,https://lolrmm.io/tools/netviewer,^netviewer.*\.exe$|^netviewer\.exe$,download\.cnet\.com/Net-Viewer/3000-2370_4-10034828\.html$
Microsoft TSC,Microsoft TSC is a remote monitoring and management (RMM) tool. More information will be added as it becomes available.,https://lolrmm.io/tools/microsoft_tsc,^mstsc\.exe$|^termsrv\.exe$,
NordLocker,NordLocker is a remote monitoring and management (RMM) tool. More information will be added as it becomes available.,https://lolrmm.io/tools/nordlocker,,
Zoho Assist,Zoho Assist is a remote monitoring and management (RMM) tool. More information will be added as it becomes available.,https://lolrmm.io/tools/zoho_assist,.*\\ZA_Access\.exe$|C:\\.*\\ZA_Access\.exe$|^ZMAgent\.exe$|^Zaservice\.exe$|^ZohoMeeting\.exe$|^ZohoURSService\.exe$|^Zohours\.exe$|^connect\.exe$|^za_connect\.exe$|^zaservice\.exe$|^zohotray\.exe$,.*\.zoho\.com$|.*\.zoho\.com\.au$|.*\.zoho\.com\.cn$|.*\.zoho\.eu$|.*\.zoho\.in$|.*\.zohoassist\.com$|.*\.zohoassist\.com\.cn$|.*\.zohoassist\.jp$|assist\.zoho\.com$|downloads\.zohocdn\.com$|downloads\.zohodl\.com\.cn$|gateway\.zohoassist\.com$|zoho\.com/assist/$
DeskDay,DeskDay is a remote monitoring and management (RMM) tool. More information will be added as it becomes available.,https://lolrmm.io/tools/deskday,^ultimate_.*\.exe$,app\.deskday\.ai$|deskday\.ai$
TigerVNC,TigerVNC is a remote monitoring and management (RMM) tool. More information will be added as it becomes available.,https://lolrmm.io/tools/tigervnc,.*\\TightVNC\\.*|.*\\tvnserver\.exe$|C:\\Program Files\\TightVNC\\.*|^tigervnc.*\.exe$|^winvnc4\.exe$,
LANDesk,LANDesk is a remote monitoring and management (RMM) tool. More information will be added as it becomes available.,https://lolrmm.io/tools/landesk,.*\\LANDesk\\.*|.*\\issuser\.exe$|.*\\softmon\.exe$|.*\\tmcsvc\.exe$|C:\\Program Files \(x86\)\\LANDesk\\.*|^LANDeskPortalManager\.exe$|^issuser\.exe$|^landeskagentbootstrap\.exe$|^ldinv32\.exe$|^ldsensors\.exe$,.*\.ivanti\.com$|.*\.ivanticloud\.com$|ivanti\.com$
247ithelp.com (ConnectWise),247ithelp.com (ConnectWise) is a remote monitoring and management (RMM) tool. More information will be added as it becomes available.,https://lolrmm.io/tools/247ithelp.com__connectwise_,^Remote Workforce Client\.exe$,.*\.247ithelp\.com$
Zabbix Agent,Zabbix Agent is a remote monitoring and management (RMM) tool. More information will be added as it becomes available.,https://lolrmm.io/tools/zabbix_agent,^zabbix_agent.*\.exe$,zabbix\.com$
SimpleHelp,SimpleHelp is a remote monitoring and management (RMM) tool. More information will be added as it becomes available.,https://lolrmm.io/tools/simplehelp,^remote access\.exe$|^simplegatewayservice\.exe$|^simplehelpcustomer\.exe$|^simpleservice\.exe$|^windowslauncher\.exe$,simple-help\.com$
Atera,"Atera is a remote monitoring and management (RMM) tool. It is used by threat actors to deploy ransomware or facilitate command execution and lateral movement.
",https://lolrmm.io/tools/atera,.*\\ATERA Networks\\AteraAgent\\.*|.*\\AgentPackageNetworkDiscovery\.exe$|.*\\AgentPackageTaskScheduler\.exe$|.*\\AteraAgent\.exe$|C:\\Program Files \(x86\)\\Atera Networks|C:\\Program Files\\ATERA Networks\\AteraAgent\\.*|C:\\Program Files\\Atera Networks|^atera_agent\.exe$|^ateraagent\.exe$|^syncrosetup\.exe$,agent-api\.atera\.com$|agenthb\.atera\.com$|agentreporting\.atera\.com$|agentreportingstore\.blob\.core\.windows\.net$|app\.atera\.com$|appcdn\.atera\.com$|atera-agent-heartbeat\.servicebus\.windows\.net$|atera\.pubnubapi\.com$|cacerts\.thawte\.com$|getalphacontrol\.com$|packagesstore\.blob\.core\.windows\.net$|ps\.atera\.com$|ps\.pndsn\.com$|pubsub\.atera\.com$|pubsub\.pubnub\.com$
Bitvise SSH Client,Bitvise SSH Client is a remote monitoring and management (RMM) tool. More information will be added as it becomes available.,https://lolrmm.io/tools/bitvise_ssh_client,.*\\Bitvise SSH Client\\.*|.*\\BvSshClient-Inst\.exe$|C:\\Program Files \(x86\)\\Bitvise SSH Client\\.*,
VNC,VNC is a remote monitoring and management (RMM) tool. More information will be added as it becomes available.,https://lolrmm.io/tools/vnc,^vncserver\.exe$|^vncserverui\.exe$|^vncviewer\.exe$|^winvnc.*\.exe$|^winvnc\.exe$|^winvncsc\.exe$|^winwvc\.exe$,realvnc\.com/en/connect/download/vnc$
Ericom Connect,Ericom Connect is a remote monitoring and management (RMM) tool. More information will be added as it becomes available.,https://lolrmm.io/tools/ericom_connect,^EricomConnectRemoteHost.*\.exe$|^ericomconnnectconfigurationtool\.exe$,ericom\.com$
Netop,Netop is a remote monitoring and management (RMM) tool. More information will be added as it becomes available.,https://lolrmm.io/tools/netop,.*\\Danware Data\\NetOp Packn Deploy\\.*|.*\\Netop Remote Control\\.*|C:\\Program Files\\Danware Data\\NetOp Packn Deploy\\.*,
ToDesk,ToDesk is a remote monitoring and management (RMM) tool. More information will be added as it becomes available.,https://lolrmm.io/tools/todesk,^ToDesk_Service\.exe$|^ToDesk_Setup\.exe$|^todesk\.exe$,.*\.todesk\.com$|todesk\.com$|todesktop\.com$
NTR Remote,NTR Remote is a remote monitoring and management (RMM) tool. More information will be added as it becomes available.,https://lolrmm.io/tools/ntr_remote,^NTRsupportPro_EN\.exe$,.*\.ntrsupport\.com$
Domotz,Domotz is a remote monitoring and management (RMM) tool. More information will be added as it becomes available.,https://lolrmm.io/tools/domotz,^Domotz Pro Desktop App Setup.*\.exe$|^Domotz Pro Desktop App\.exe$|^domotz-windows.*\.exe$|^domotz.*\.exe$|^domotz\.exe$|^domotz_bash\.exe$,.*\.domotz\.co$|.*cell-1\.domotz\.com$|domotz\.com$
Xshell,Xshell is a remote monitoring and management (RMM) tool. More information will be added as it becomes available.,https://lolrmm.io/tools/xshell,.*\\NetSarang\\xShell\\.*|.*\\xShell\.exe$|C:\\Program Files \(x86\)\\NetSarang\\xShell\\.*,
ISL Online,ISL Online is a remote monitoring and management (RMM) tool. More information will be added as it becomes available.,https://lolrmm.io/tools/isl_online,.*\\ISL Online\\ISL Light.*|.*\\ISLLight\.exe$|C:\\Program Files \(x86\)\\ISL Online\\ISL Light.*|^ISLLightClient\.exe$|^ISLLight\.exe$|^islalwaysonmonitor\.exe$|^isllight\.exe$|^isllightservice\.exe$,.*\.islonline\.com$|.*\.islonline\.net$
SmartFTP,SmartFTP is a remote monitoring and management (RMM) tool. More information will be added as it becomes available.,https://lolrmm.io/tools/smartftp,.*\\SfShellTools\.dll\.mui|.*\\SmartFTP Client\\.*|C:\\Program Files \(x86\)\\SmartFTP Client\\en-US\\,
